district,date,affected_villages,population_affected,crop_area_affected_ha,landslide_area_ha,roads_damaged,houses_damaged,lives_lost,rainfall_mm,river_danger_level_count,historical_hazard_score,impact_score,risk_label
Kamrup,2026-07-19,0.0,0.0,0.0,0.0,0.0,0.0,0.0,0.0,0.0,0.0,0.0,LOW
Kamrup Metropolitan,2026-07-19,1.0,0.0,0.0,0.0,0.0,0.0,0.0,0.0,0.0,0.0,0.0,LOW
Biswanath,2026-07-20,21.0,415.0,148.8,0.0,0.0,0.0,0.0,0.0,0.0,0.0,1.4963000000000002,HIGH
Cachar,2026-07-20,2.0,20.0,0.0,0.0,0.0,0.0,0.0,0.0,0.0,0.0,0.0004,MODERATE
Charaideo,2026-07-20,108.0,104415.0,1238.18,0.0,0.0,0.0,0.0,0.0,0.0,0.0,14.4701,HIGH
Chirang,2026-07-20,2.0,378.0,0.0,0.0,0.0,0.0,0.0,0.0,0.0,0.0,0.007560000000000001,MODERATE
Dhemaji,2026-07-20,75.0,21700.0,1053.3,0.0,0.0,0.0,0.0,0.0,0.0,0.0,10.966999999999999,HIGH
Dibrugarh,2026-07-20,77.0,10833.0,436.637,0.0,0.0,0.0,0.0,0.0,0.0,0.0,4.58303,HIGH
Golaghat,2026-07-20,101.0,4445.0,2051.81,0.0,0.0,0.0,0.0,0.0,0.0,0.0,20.607,CRITICAL
Jorhat,2026-07-20,162.0,50987.0,4443.98,0.0,0.0,0.0,0.0,0.0,0.0,0.0,45.45954,CRITICAL
Kamrup,2026-07-20,3.0,234.0,0.0,0.0,0.0,0.0,0.0,0.0,0.0,0.0,0.00468,MODERATE
Kamrup Metropolitan,2026-07-20,7.0,366.0,0.0,0.0,0.0,0.0,0.0,0.0,0.0,0.0,0.007320000000000001,MODERATE
Karbi Anglong,2026-07-20,11.0,5546.0,0.0,0.0,0.0,0.0,0.0,0.0,0.0,0.0,0.11092,MODERATE
Morigaon,2026-07-20,1.0,3.0,0.0,0.0,0.0,0.0,0.0,0.0,0.0,0.0,6.000000000000001e-05,MODERATE
Nagaon,2026-07-20,14.0,888.0,26.0,0.0,0.0,0.0,0.0,0.0,0.0,0.0,0.27776,HIGH
Sivasagar,2026-07-20,189.0,157727.0,9179.42,0.0,0.0,0.0,0.0,0.0,0.0,0.0,94.94874,CRITICAL
Sonitpur,2026-07-20,1.0,0.0,4.3,0.0,0.0,0.0,0.0,0.0,0.0,0.0,0.043,MODERATE
Sribhumi,2026-07-20,0.0,0.0,0.0,0.0,0.0,0.0,0.0,0.0,0.0,0.0,0.0,LOW
Tinsukia,2026-07-20,24.0,4955.0,507.4,0.0,0.0,0.0,0.0,0.0,0.0,0.0,5.1731,HIGH
Udalguri,2026-07-20,1.0,28.0,9.7674,0.0,0.0,0.0,0.0,0.0,0.0,0.0,0.09823400000000002,MODERATE
Biswanath,2026-07-21,7.0,415.0,32.5,0.0,0.0,0.0,0.0,0.0,0.0,0.0,0.3333,HIGH
Charaideo,2026-07-21,128.0,72646.0,1842.87,0.0,0.0,0.0,0.0,0.0,0.0,0.0,19.881619999999998,CRITICAL
Dhemaji,2026-07-21,3.0,2200.0,15.0,0.0,0.0,0.0,0.0,0.0,0.0,0.0,0.194,MODERATE
Dibrugarh,2026-07-21,104.0,20479.0,547.43,0.0,0.0,0.0,0.0,0.0,0.0,0.0,5.8838799999999996,HIGH
Golaghat,2026-07-21,133.0,16799.0,2826.08,0.0,0.0,0.0,0.0,0.0,0.0,0.0,28.59678,CRITICAL
Hojai,2026-07-21,8.0,0.0,206.3,0.0,0.0,0.0,0.0,0.0,0.0,0.0,2.063,HIGH
Jorhat,2026-07-21,154.0,87662.0,5104.55,0.0,0.0,0.0,0.0,0.0,0.0,0.0,52.79874,CRITICAL
Kamrup,2026-07-21,12.0,1604.0,20.4,0.0,0.0,0.0,0.0,0.0,0.0,0.0,0.23607999999999998,MODERATE
Kamrup Metropolitan,2026-07-21,6.0,576.0,4.15,0.0,0.0,0.0,0.0,0.0,0.0,0.0,0.053020000000000005,MODERATE
Karbi Anglong,2026-07-21,8.0,3810.0,0.0,0.0,0.0,0.0,0.0,0.0,0.0,0.0,0.0762,MODERATE
Lakhimpur,2026-07-21,1.0,0.0,0.0,0.0,0.0,0.0,0.0,0.0,0.0,0.0,0.0,LOW
Nagaon,2026-07-21,19.0,732.0,77.0,0.0,0.0,0.0,0.0,0.0,0.0,0.0,0.78464,HIGH
Sivasagar,2026-07-21,268.0,359535.0,12674.61,0.0,0.0,0.0,0.0,0.0,0.0,0.0,133.9368,CRITICAL
Sonitpur,2026-07-21,1.0,0.0,4.27,0.0,0.0,0.0,0.0,0.0,0.0,0.0,0.042699999999999995,MODERATE
Sribhumi,2026-07-21,0.0,0.0,0.0,0.0,0.0,0.0,0.0,0.0,0.0,0.0,0.0,LOW
Tinsukia,2026-07-21,21.0,70.0,574.0,0.0,0.0,0.0,0.0,0.0,0.0,0.0,5.7414000000000005,HIGH
Udalguri,2026-07-21,1.0,0.0,2.0,0.0,0.0,0.0,0.0,0.0,0.0,0.0,0.02,MODERATE
Cachar,2026-07-27,1.0,0.0,0.0,0.0,0.0,0.0,0.0,0.0,0.0,0.0,0.0,LOW
Charaideo,2026-07-27,298.0,376808.0,33501.0,0.0,0.0,0.0,0.0,0.0,0.0,0.0,342.54616,CRITICAL
Dhemaji,2026-07-27,0.0,0.0,0.0,0.0,0.0,0.0,0.0,0.0,0.0,0.0,0.0,LOW
Dibrugarh,2026-07-27,0.0,0.0,0.0,0.0,0.0,0.0,0.0,0.0,0.0,0.0,0.0,LOW
Golaghat,2026-07-27,222.0,76344.0,4823.0,0.0,0.0,0.0,0.0,0.0,0.0,0.0,49.75688,CRITICAL
Jorhat,2026-07-27,216.0,148916.0,6691.24,0.0,0.0,0.0,0.0,0.0,0.0,0.0,69.89072,CRITICAL
Kamrup,2026-07-27,0.0,0.0,0.0,0.0,0.0,0.0,0.0,0.0,0.0,0.0,0.0,LOW
Kamrup Metropolitan,2026-07-27,2.0,0.0,1.8,0.0,0.0,0.0,0.0,0.0,0.0,0.0,0.018000000000000002,MODERATE
Nagaon,2026-07-27,60.0,0.0,1938.0,0.0,0.0,0.0,0.0,0.0,0.0,0.0,19.38,CRITICAL
Sivasagar,2026-07-27,464.0,288922.0,26827.0,0.0,0.0,0.0,0.0,0.0,0.0,0.0,274.04843999999997,CRITICAL
Kamrup Metropolitan,2026-07-28,0.0,0.0,0.0,0.0,0.0,0.0,0.0,0.0,0.0,0.0,0.0,LOW
Biswanath,2026-08-08,2.0,0.0,13.0,0.0,0.0,0.0,0.0,0.0,0.0,0.0,0.13,MODERATE
Charaideo,2026-08-08,6.0,6358.0,400.0,0.0,0.0,0.0,0.0,0.0,0.0,0.0,4.12716,HIGH
Darrang,2026-08-08,28.0,1122.0,1581.6,0.0,0.0,0.0,0.0,0.0,0.0,0.0,15.838439999999999,HIGH
Dhemaji,2026-08-08,2.0,1265.0,0.0,0.0,0.0,0.0,0.0,0.0,0.0,0.0,0.025300000000000003,MODERATE
Dibrugarh,2026-08-08,0.0,0.0,0.0,0.0,0.0,0.0,0.0,0.0,0.0,0.0,0.0,LOW
Golaghat,2026-08-08,144.0,61735.0,1908.21,0.0,0.0,0.0,0.0,0.0,0.0,0.0,20.3168,CRITICAL
Hojai,2026-08-08,24.0,0.0,574.0,0.0,0.0,0.0,0.0,0.0,0.0,0.0,5.74,HIGH
Jorhat,2026-08-08,69.0,24283.0,2075.58,0.0,0.0,0.0,0.0,0.0,0.0,0.0,21.24146,CRITICAL
Kamrup,2026-08-08,0.0,0.0,0.0,0.0,0.0,0.0,0.0,0.0,0.0,0.0,0.0,LOW
Karbi Anglong,2026-08-08,4.0,601.0,0.0,0.0,0.0,0.0,0.0,0.0,0.0,0.0,0.012020000000000001,MODERATE
Lakhimpur,2026-08-08,7.0,0.0,0.0,0.0,0.0,0.0,0.0,0.0,0.0,0.0,0.0,LOW
Nagaon,2026-08-08,53.0,8520.0,1580.5,0.0,0.0,0.0,0.0,0.0,0.0,0.0,15.9754,CRITICAL
Sivasagar,2026-08-08,119.0,43492.0,2457.0,0.0,0.0,0.0,0.0,0.0,0.0,0.0,25.43984,CRITICAL
Sonitpur,2026-08-08,2.0,0.0,10.0,0.0,0.0,0.0,0.0,0.0,0.0,0.0,0.1,MODERATE
Biswanath,2026-08-09,4.0,0.0,0.0,0.0,0.0,0.0,0.0,0.0,0.0,0.0,0.0,LOW
Charaideo,2026-08-09,4.0,3989.0,120.0,0.0,0.0,0.0,0.0,0.0,0.0,0.0,1.27978,HIGH
Darrang,2026-08-09,32.0,500.0,1153.55,0.0,0.0,0.0,0.0,0.0,0.0,0.0,11.545499999999999,HIGH
Dibrugarh,2026-08-09,0.0,0.0,0.0,0.0,0.0,0.0,0.0,0.0,0.0,0.0,0.0,LOW
Golaghat,2026-08-09,145.0,68239.0,2006.51,0.0,0.0,0.0,0.0,0.0,0.0,0.0,21.42988,CRITICAL
Hojai,2026-08-09,30.0,0.0,899.0,0.0,0.0,0.0,0.0,0.0,0.0,0.0,8.99,HIGH
Jorhat,2026-08-09,57.0,16259.0,2060.9,0.0,0.0,0.0,0.0,0.0,0.0,0.0,20.93418,CRITICAL
Kamrup,2026-08-09,0.0,0.0,0.0,0.0,0.0,0.0,0.0,0.0,0.0,0.0,0.0,LOW
Kamrup Metropolitan,2026-08-09,1.0,13.0,0.0,0.0,0.0,0.0,0.0,0.0,0.0,0.0,0.00026000000000000003,MODERATE
Karbi Anglong,2026-08-09,9.0,466.0,0.0,0.0,0.0,0.0,0.0,0.0,0.0,0.0,0.00932,MODERATE
Lakhimpur,2026-08-09,7.0,0.0,622.0,0.0,0.0,0.0,0.0,0.0,0.0,0.0,6.22,HIGH
Nagaon,2026-08-09,61.0,8642.0,2870.5,0.0,0.0,0.0,0.0,0.0,0.0,0.0,28.877840000000003,CRITICAL
Sivasagar,2026-08-09,110.0,39495.0,2277.0,0.0,0.0,0.0,0.0,0.0,0.0,0.0,23.5599,CRITICAL
Cachar,2026-08-19,0.0,0.0,0.0,0.0,0.0,0.0,0.0,0.0,0.0,0.0,0.0,LOW
Charaideo,2026-08-19,0.0,0.0,0.0,0.0,0.0,0.0,0.0,0.0,0.0,0.0,0.0,LOW
Dibrugarh,2026-08-19,0.0,0.0,0.0,0.0,0.0,0.0,0.0,0.0,0.0,0.0,0.0,LOW
Golaghat,2026-08-19,20.0,282.0,140.0,0.0,0.0,0.0,0.0,0.0,0.0,0.0,1.4056400000000002,HIGH
Jorhat,2026-08-19,23.0,2594.0,117.0,0.0,0.0,0.0,0.0,0.0,0.0,0.0,1.2218799999999999,HIGH
Karbi Anglong,2026-08-19,0.0,0.0,0.0,0.0,0.0,0.0,0.0,0.0,0.0,0.0,0.0,LOW
Nagaon,2026-08-19,30.0,9793.0,2634.0,0.0,0.0,0.0,0.0,0.0,0.0,0.0,26.53586,CRITICAL
Sivasagar,2026-08-19,17.0,4253.0,166.0,0.0,0.0,0.0,0.0,0.0,0.0,0.0,1.74506,HIGH
Udalguri,2026-08-19,0.0,0.0,0.0,0.0,0.0,0.0,0.0,0.0,0.0,0.0,0.0,LOW
